<datapower-configuration version="3"><export-details><description>Exported Configuration</description><user>admin</user><domain>default</domain><comment/><product-id>5725</product-id><product>IDG</product><display-product>IDG</display-product><model>IBM DataPower Gateway</model><display-model>IBM DataPower Gateway</display-model><device-name>dp01</device-name><serial-number>0000001</serial-number><firmware-version>IDG.10.0.4.0</firmware-version><display-firmware-version>IDG.10.0.4.0</display-firmware-version><firmware-build>337832</firmware-build><delivery-type>CD</delivery-type><firmware-timestamp>2021/12/03 12:54:08</firmware-timestamp><current-date>2022-11-11</current-date><current-time>05:06:09 EST</current-time><reset-date>2022-11-10</reset-date><reset-time>22:25:34 EST</reset-time><login-message/><custom-ui-file/></export-details><interface-data><interface name="eth0" type="Ethernet" vers="ipv4" ip-addr="10.160.0.2"/><interface name="eth0" type="Ethernet" vers="ipv6" ip-addr="fe80::a3f:d32e:3dbd:2c0e"/></interface-data><configuration><Domain name="QA_External" xmlns:dp="http://www.datapower.com/schemas/management" xmlns:env="http://www.w3.org/2003/05/soap-envelope">
<mAdminState>enabled</mAdminState>
<BaseDir>QA_External:</BaseDir>
<BaseDir>local:</BaseDir>
<ConfigDir>config:///</ConfigDir>
<ConfigFile>QA_External.cfg</ConfigFile>
<NeighborDomain class="Domain">default</NeighborDomain>
<URLMap>
<http>on</http>
<https>on</https>
<snmp>off</snmp>
<ftp>off</ftp>
<mailto>off</mailto>
<mq>off</mq></URLMap>
<FileMap>
<CopyFrom>on</CopyFrom>
<CopyTo>on</CopyTo>
<Delete>on</Delete>
<Display>on</Display>
<Exec>on</Exec>
<Subdir>on</Subdir></FileMap>
<MonitoringMap>
<Audit>on</Audit>
<Log>on</Log></MonitoringMap>
<ConfigMode>local</ConfigMode>
<ImportFormat>ZIP</ImportFormat>
<LocalIPRewrite>on</LocalIPRewrite>
<MaxChkpoints>3</MaxChkpoints>
<ConfigPermissionsMode>scope-domain</ConfigPermissionsMode></Domain></configuration><domains><domain name="QA_External"/></domains></datapower-configuration>